timestamp,total_ema_risk,fft_high_freq_mean,jawline_edge_variance,jawline_roi_area,landmark_lost_count
21:19:48,0.024,71.358582,18182.324065,2156,0
21:19:50,0.0432,65.525391,8369.759482,2276,0
21:19:52,0.05504,65.054176,9052.144114,2167,0
21:19:53,0.063015,65.148079,8236.882295,2166,0
21:19:54,0.069525,64.834335,7347.876475,2109,0
21:19:55,0.074786,65.752106,8943.18681,2068,0
21:19:57,0.079184,66.091438,9440.110744,2088,0
21:19:58,0.082949,65.701744,9218.878376,2124,0
21:19:59,0.086233,65.357483,10541.875751,2178,0
21:20:01,0.08914,64.921432,12115.765151,2235,0
21:20:02,0.091742,65.894089,7420.3604,2210,0
21:20:03,0.094096,66.17395,7525.182276,2202,0
21:20:05,0.096241,66.262314,8624.424552,2222,0
21:20:06,0.09821,66.097,9231.844219,2113,0
21:20:08,0.099411,65.853592,8803.031888,2037,0
21:20:09,0.101104,66.038628,9460.71964,1996,0
21:20:10,0.102459,65.659149,9846.589511,1904,0
21:20:12,0.103938,65.963898,10959.949387,1846,0
21:20:13,0.104903,65.968994,11747.875037,1844,0
21:20:15,0.106217,65.606651,10407.875919,1870,0
21:20:16,0.107458,65.797951,10052.592124,1935,0
21:20:17,0.108381,65.710159,10186.94442,1916,0
21:20:19,0.1095,66.250175,9840.846409,1944,0
21:20:21,0.110566,65.804276,10152.65644,1918,0
21:20:22,0.111583,66.163757,10083.239762,1897,0
21:20:23,0.11205,66.02002,11006.64852,1886,0
21:20:25,0.112983,66.041954,10615.698685,1898,0
21:20:26,0.113878,66.320335,10440.108276,1963,0
21:20:27,0.114964,66.386452,10159.591551,1964,0
21:20:28,0.118534,66.479332,9933.045972,1969,0
21:20:29,0.121114,66.249504,10016.312938,1962,0
21:20:30,0.123322,66.026215,11934.502153,1833,0
21:20:32,0.125318,66.513542,11760.986945,1953,0
21:20:34,0.127083,65.901276,10027.774278,1946,0
21:20:36,0.128714,65.906761,10984.396626,1933,0
21:20:37,0.130242,65.951004,10827.132618,1909,0
21:20:39,0.131345,66.119202,10205.737607,1940,0
21:20:40,0.132148,65.957466,10401.899881,1912,0
21:20:42,0.133176,66.174095,11374.52202,1938,0
21:20:43,0.134424,65.9506,11828.110395,1899,0
21:20:45,0.135633,65.99131,11246.831134,2011,0
21:20:46,0.13681,66.160217,12233.706902,1903,0
21:20:48,0.13796,65.781342,12284.417542,1869,0
21:20:49,0.139394,66.048309,10060.388017,1967,0
21:20:51,0.140337,65.829887,10666.637757,1882,0
21:20:52,0.140976,65.817429,9578.286201,1881,0
21:20:53,0.141745,65.614372,10131.960872,1892,0
21:20:55,0.142807,65.878944,10468.984317,1896,0
21:20:56,0.143881,65.65181,10112.18443,1908,0
21:20:57,0.144773,65.85022,9923.11683,1884,0
21:20:59,0.146016,65.875671,11158.583772,1878,0
21:21:00,0.146751,65.998383,10960.425251,1879,0
21:21:02,0.147688,66.200027,10655.758774,1858,0
21:21:03,0.148719,66.027664,11291.583929,1876,0
21:21:05,0.150208,65.773865,10524.935517,1819,0
21:21:06,0.151289,65.320305,10043.911137,1911,0
21:21:08,0.150975,65.320305,10043.911137,1911,1
21:21:09,0.151426,65.573814,11965.279847,1832,0
21:21:10,0.153065,66.147957,10730.834899,1912,0
21:21:12,0.154267,65.717819,11973.631954,1944,0
21:21:13,0.154869,65.67379,11021.101291,1917,0
21:21:14,0.155825,65.229347,10120.870353,1874,0
21:21:16,0.156746,65.652374,8705.482612,2005,0
21:21:17,0.157637,66.004883,11470.78227,1995,0
21:21:18,0.158502,65.481499,9868.621909,1891,0
21:21:20,0.159346,65.604279,10881.457064,1862,0
21:21:21,0.160515,65.785881,11561.321487,1881,0
21:21:23,0.161817,65.703438,11026.350861,1881,0
21:21:24,0.16266,65.653229,11060.845416,1905,0
21:21:25,0.163495,65.652443,10921.420821,1891,0
21:21:27,0.164031,65.589211,10528.677778,1874,0
21:21:28,0.164563,65.595604,10423.419283,1928,0
21:21:29,0.165349,65.817848,11709.751773,1872,0
21:21:31,0.166125,65.948334,11896.781011,1866,0
21:21:32,0.167072,65.924088,11483.773444,1910,0
21:21:34,0.168429,66.155991,15242.923424,1888,0
21:21:35,0.169529,65.757515,11265.909755,1889,0
21:21:36,0.170501,65.5905,11713.67629,1848,0
21:21:38,0.170774,65.835999,10981.248833,1868,0
21:21:39,0.171234,66.026779,11120.479495,1876,0
21:21:41,0.171983,65.903008,12345.20181,1856,0
21:21:42,0.172853,65.852615,13328.296174,1880,0
21:21:44,0.173705,65.819992,10942.983204,1840,0
21:21:45,0.174297,65.844955,12175.543381,1861,0
21:21:47,0.175021,66.099152,10484.171057,1919,0
21:21:49,0.175725,66.27861,9584.107931,2186,0
21:21:51,0.177817,66.435562,9065.202401,2266,0
21:21:53,0.179177,66.579453,9191.248558,2278,0
21:21:55,0.179952,66.475662,8169.53769,2240,0
21:25:04,0.0,0.0,0.0,0,1
21:25:05,0.014937,47.821602,1514.46067,2134,0
21:25:07,0.030514,46.476181,1046.481374,2178,0
21:25:08,0.040921,47.424717,1121.569909,2220,0
21:25:09,0.049197,48.255901,1429.564278,2186,0
21:25:10,0.055868,48.38747,1669.387244,2120,0
21:25:12,0.060872,48.502937,1744.207541,2150,0
21:25:13,0.065638,48.570362,1671.672281,2132,0
21:25:15,0.069805,48.466034,1659.332434,2179,0
21:25:16,0.073492,48.470673,1777.460727,2159,0
21:25:18,0.076592,48.355518,1713.719729,2158,0
21:25:19,0.079585,48.393276,1700.58561,2216,0
21:25:20,0.081652,48.549789,1582.930425,2229,0
21:25:21,0.083139,48.514412,1533.911568,2249,0
21:25:23,0.085464,48.468189,1703.145967,2210,0
21:25:24,0.086771,48.439232,1541.325764,2179,0
21:25:25,0.087748,48.348076,1535.087809,2161,0
21:26:58,0.027988,50.126041,1913.950386,2375,0
21:26:59,0.048855,50.194668,1962.724,2395,0
21:27:00,0.062675,46.702774,1102.422501,2388,0
21:27:01,0.076003,48.832417,2298.975904,2326,0
21:27:02,0.080532,49.040939,1868.228073,2197,0
21:27:03,0.083561,49.502853,2008.008898,2153,0
21:27:04,0.085234,49.50539,1911.287842,2158,0
21:27:05,0.08859,48.216484,2055.776576,2126,0
21:27:06,0.087586,48.216484,2055.776576,2126,3
21:27:07,0.091607,48.216484,2055.776576,2126,7
21:27:08,0.104915,40.268589,15022.914955,805,2
21:27:09,0.107103,40.268589,15022.914955,805,6
21:27:10,0.127547,40.268589,15022.914955,805,10
21:27:11,0.150873,40.268589,15022.914955,805,14
21:27:12,0.175928,40.268589,15022.914955,805,18
21:27:13,0.221668,40.268589,15022.914955,805,24
21:27:14,0.269611,40.268589,15022.914955,805,31
21:27:15,0.324473,40.268589,15022.914955,805,37
21:27:16,0.367053,40.268589,15022.914955,805,44
21:27:17,0.403717,40.268589,15022.914955,805,50
21:27:18,0.439277,40.268589,15022.914955,805,56
21:27:19,0.473523,40.268589,15022.914955,805,62
21:27:20,0.509765,40.268589,15022.914955,805,69
21:27:21,0.524389,40.268589,15022.914955,805,72
21:27:22,0.54338,40.268589,15022.914955,805,76
21:27:23,0.561723,40.268589,15022.914955,805,80
21:27:24,0.563581,51.265736,4006.596897,1917,0
21:27:25,0.564819,49.661358,2184.726903,2161,0
21:27:26,0.563043,50.263889,2173.430314,2396,0
21:27:27,0.557831,47.825138,1482.133572,2370,0
21:27:28,0.549056,48.149891,1483.128851,2416,0
21:27:29,0.541163,47.845943,1601.143897,2516,0
21:27:30,0.534975,47.520672,1254.307142,2599,0
21:27:31,0.518796,47.666775,1229.848316,2653,0
21:27:32,0.504857,47.296349,1361.190075,2468,0
21:27:33,0.49647,48.469944,1903.184654,2269,0
21:27:34,0.486703,50.59557,2638.133869,2350,0
21:27:35,0.478356,50.169872,2035.311045,2292,0
21:27:37,0.469157,50.560505,1855.062165,2465,0
21:27:38,0.458844,50.370113,1774.169773,2435,0
21:27:39,0.451749,49.800732,1863.295412,2400,0
21:27:40,0.444559,50.495903,1676.015368,2548,0
21:27:41,0.434924,50.315308,1727.025909,2452,0
21:27:42,0.424959,50.53426,1870.148871,2372,0
21:27:43,0.417157,50.403286,1938.308721,2462,0
21:27:44,0.409977,51.031269,3481.297848,2092,0
21:27:45,0.403015,50.30365,3358.222303,2120,0
21:27:46,0.398084,50.94598,3798.824021,2082,0
21:27:47,0.390126,51.275833,4741.729711,2008,0
21:27:48,0.383764,51.527195,4905.702813,1914,0
21:27:49,0.377856,51.8699,5251.000503,1938,0
21:27:50,0.370729,51.650333,5935.233664,1953,0
21:27:51,0.363592,52.073353,5696.105143,1899,0
21:27:52,0.352287,52.073353,5696.105143,1899,4
21:27:53,0.341887,51.612206,5488.877045,1908,0
21:27:54,0.334815,51.1483,5173.715802,1959,0
21:27:55,0.325292,51.750927,4929.056479,1965,0
21:27:56,0.315047,51.111275,4438.187418,1917,0
21:27:57,0.306795,50.358875,2172.68576,2464,0
21:27:58,0.297319,51.242661,2338.503061,2382,0
21:27:59,0.295149,51.215363,2346.396988,2395,0
21:28:00,0.293848,50.656719,2023.88419,2367,0
21:28:01,0.290784,50.688942,2044.036251,2294,0
21:28:04,0.289583,51.102795,2009.741532,2304,0
21:28:05,0.275432,49.577156,2139.583312,2094,0
21:28:06,0.265572,46.439915,3107.091046,1965,1
21:28:07,0.260621,49.901321,2001.675424,2605,0
21:28:08,0.253471,50.04409,2362.138154,2530,0
21:28:09,0.245218,49.509083,2582.1881,2458,0
21:28:10,0.240604,49.449669,2338.972913,2169,0
21:28:11,0.234781,49.460789,2628.08862,1947,0
21:28:12,0.226938,49.460789,2628.08862,1947,4
21:28:13,0.233717,49.460789,2628.08862,1947,9
21:28:14,0.252982,49.460789,2628.08862,1947,14
21:28:16,0.270822,49.460789,2628.08862,1947,18
21:28:17,0.292157,49.460789,2628.08862,1947,22
21:28:18,0.310139,49.460789,2628.08862,1947,25
21:28:19,0.33796,49.460789,2628.08862,1947,29
21:28:20,0.370411,49.460789,2628.08862,1947,33
21:28:21,0.412872,49.460789,2628.08862,1947,39
21:28:22,0.433423,49.460789,2628.08862,1947,43
21:28:23,0.465239,49.460789,2628.08862,1947,49
21:28:24,0.486694,49.460789,2628.08862,1947,53
21:28:25,0.50794,49.460789,2628.08862,1947,57
21:28:26,0.538315,49.460789,2628.08862,1947,63
21:28:27,0.556598,49.460789,2628.08862,1947,67
21:28:28,0.569611,49.460789,2628.08862,1947,70
21:28:29,0.586653,49.460789,2628.08862,1947,74
21:28:30,0.595009,49.460789,2628.08862,1947,76
21:28:31,0.611324,49.460789,2628.08862,1947,80
21:28:32,0.634641,49.460789,2628.08862,1947,86
21:28:33,0.659913,49.460789,2628.08862,1947,93
21:28:34,0.670018,32.02972,1119.978547,1386,0
21:28:35,0.663403,32.02972,1119.978547,1386,4
21:28:36,0.666415,32.02972,1119.978547,1386,10
21:28:37,0.650467,49.023746,4139.012882,1833,2
21:28:38,0.637155,52.420479,4754.600307,1549,0
21:28:39,0.623392,50.227081,2648.266576,1752,0
21:28:40,0.605159,49.128769,1750.866073,2216,0
21:28:41,0.58871,47.766106,1491.745584,2218,0
21:28:42,0.584049,47.429352,1400.103344,2298,0
21:28:43,0.568144,48.004253,6549.277558,1969,0
21:28:44,0.551781,47.886677,2937.667231,1831,0
21:28:45,0.542782,47.886677,2937.667231,1831,3
21:28:46,0.536087,47.886677,2937.667231,1831,10
21:28:47,0.546105,47.886677,2937.667231,1831,16
21:28:48,0.556165,47.886677,2937.667231,1831,20
21:28:49,0.579726,47.886677,2937.667231,1831,27
21:28:50,0.615821,47.886677,2937.667231,1831,34
21:28:51,0.643763,47.886677,2937.667231,1831,41
21:28:52,0.665821,47.886677,2937.667231,1831,48
21:28:53,0.685534,47.886677,2937.667231,1831,54
21:28:54,0.705156,47.886677,2937.667231,1831,60
21:28:55,0.71755,47.886677,2937.667231,1831,64
21:28:56,0.733813,47.886677,2937.667231,1831,70
21:28:57,0.746878,47.886677,2937.667231,1831,75
21:28:58,0.741899,49.17065,3028.398928,1576,0
21:28:59,0.739137,46.725456,3257.057567,1814,0
21:29:00,0.729208,48.281322,1474.417576,2283,0
21:29:01,0.717447,48.035606,1526.476885,2191,0
21:29:02,0.707183,47.552116,1485.760368,2141,0
21:29:03,0.69025,47.502129,1572.300257,2171,0
21:29:04,0.675932,48.127316,1501.856365,2229,0
21:29:05,0.653146,48.546619,1709.946273,2195,0
21:29:06,0.634507,48.997299,1747.32646,2191,0
21:29:07,0.621317,49.228588,1478.751097,2243,0
21:29:08,0.60992,48.924351,1544.846409,2210,0
21:29:09,0.597541,49.499058,1479.358876,2221,0
21:29:11,0.583916,49.498085,1562.285764,2154,0
21:29:12,0.574372,49.172474,1812.717572,2122,0
21:29:13,0.56153,49.584042,2577.72685,2138,0
21:29:14,0.546756,49.524029,2688.814197,2143,0
21:29:15,0.542025,49.542091,2518.207,2285,0
21:29:16,0.533859,49.791859,2612.186425,2195,0
21:29:17,0.525811,49.416092,1904.159524,2230,0
21:29:18,0.512362,49.361294,1600.836914,2148,0
21:29:19,0.505002,49.4063,1498.218088,2144,0
21:29:20,0.493925,49.270039,1787.073336,2096,0
21:29:21,0.48427,49.056564,1691.412893,2179,0
21:29:22,0.478607,49.360447,1553.303972,2182,0
21:29:23,0.477112,49.585037,1686.846014,2154,0
21:29:24,0.470489,49.550697,1854.207663,2150,0
21:29:25,0.464259,49.170105,1458.932373,2196,0
21:29:26,0.456227,49.119293,1621.840225,2208,0
21:29:27,0.447803,48.439018,1581.876628,2100,0
21:29:28,0.444189,48.738419,1941.5691,2084,0
21:29:29,0.435579,49.460964,1553.810986,2308,0
21:29:30,0.426342,48.111488,2026.499814,2203,0
21:29:31,0.418041,49.535046,1600.796519,2245,0
21:29:32,0.416772,48.816242,1286.055316,2308,0
21:29:33,0.408072,47.207741,1792.253648,2285,1
21:29:34,0.397556,47.7271,2132.313202,2195,1
21:29:35,0.384162,47.7271,2132.313202,2195,6
21:29:36,0.39645,47.7271,2132.313202,2195,12
21:29:37,0.390504,55.407692,4856.615071,2060,3
21:29:38,0.383311,55.407692,4856.615071,2060,6
21:29:39,0.391952,55.407692,4856.615071,2060,9
21:29:40,0.401489,55.407692,4856.615071,2060,12
21:29:41,0.40202,53.043495,3314.857643,2194,0
21:29:42,0.403804,47.685085,1357.499921,2233,0
21:29:43,0.407759,50.142185,1731.918565,2254,0
21:29:44,0.399171,50.475864,1527.556344,2274,0
21:29:45,0.388758,50.527279,1535.879712,2308,0
21:29:46,0.393561,49.745388,1475.40307,2285,0
21:29:47,0.390398,50.295174,1543.657697,2293,0
21:29:48,0.375062,49.354729,1674.018588,2271,0
21:29:49,0.373116,50.387539,1922.697737,2235,0
21:29:50,0.370634,50.149746,1937.691703,2143,0
21:29:51,0.366801,49.89566,1556.900211,2135,0
21:29:52,0.364366,51.894272,2954.089169,2048,0
21:29:53,0.361345,52.277618,2986.420332,2041,0
21:29:54,0.357333,50.486618,2776.833985,2118,1
21:29:55,0.351655,51.526695,2882.214,2472,0
21:29:56,0.345516,50.090481,2460.503165,2329,0
21:29:57,0.342123,51.804829,2124.04685,2588,0
21:29:58,0.340201,51.40826,2128.506986,2397,0
21:29:59,0.337126,50.834,2485.365443,2300,0
21:30:00,0.332426,51.447876,2306.401943,2335,0
21:30:01,0.327182,51.308811,1753.502592,2369,0
21:30:02,0.322027,50.913929,3554.772879,2158,0
21:30:04,0.318433,50.214977,2961.997057,2130,0
21:30:05,0.311617,50.214977,2961.997057,2130,4
21:30:06,0.307608,51.601971,2490.614002,2442,0
21:30:07,0.304605,51.332706,2259.17758,2420,0
21:30:08,0.301808,50.761127,2015.567413,2380,0
21:30:09,0.298032,50.555717,1934.900625,2220,0
21:30:10,0.296154,50.014286,2134.092445,2086,0
21:30:11,0.293347,50.01899,1597.747245,1970,0
21:30:12,0.289645,50.239491,2251.752045,2073,0
21:30:13,0.289437,47.162418,2572.887414,2102,0
21:30:14,0.290552,50.201649,2085.078164,2604,0
21:30:15,0.287685,49.9921,1527.667193,2632,0
21:30:16,0.287144,50.008846,1791.67068,2656,0
21:30:17,0.286934,50.13633,1917.769182,2688,0
21:30:18,0.284918,49.934299,2358.364591,2695,0
21:30:19,0.283126,50.112057,1991.150305,2708,0
21:30:20,0.281823,49.518425,2153.550125,2566,0
21:30:21,0.279681,49.653,1952.630589,2593,0
21:30:22,0.277763,49.679585,1884.517634,2652,0
21:30:23,0.273788,49.857632,1917.709461,2692,0
21:30:24,0.273308,50.99015,2720.916398,2332,0
21:30:25,0.269938,51.012833,3378.737197,2221,0
21:30:26,0.268675,52.293545,3579.624095,2361,0
21:30:27,0.266111,51.376408,4052.447923,2242,0
21:30:28,0.265157,51.518089,4340.110792,2132,0
21:30:29,0.264212,50.542496,3982.449372,2011,0
21:30:30,0.261826,50.289238,6608.700732,1825,2
21:30:31,0.257783,50.289238,6608.700732,1825,5
21:30:32,0.269558,50.289238,6608.700732,1825,10
21:30:33,0.291005,50.289238,6608.700732,1825,15
21:30:34,0.315541,50.289238,6608.700732,1825,20
21:30:35,0.330874,50.289238,6608.700732,1825,23
21:30:36,0.366765,50.289238,6608.700732,1825,29
21:30:37,0.406557,50.289238,6608.700732,1825,34
21:30:38,0.444294,50.289238,6608.700732,1825,40
21:30:39,0.464177,50.289238,6608.700732,1825,44
21:30:40,0.479315,50.289238,6608.700732,1825,47
21:30:41,0.490472,50.47263,6945.06859,1742,2
21:30:42,0.492202,50.059776,1791.239975,2401,0
21:30:43,0.493283,48.963432,1532.538265,2360,0
21:30:44,0.491153,49.756435,1519.691171,2520,0
21:30:45,0.486947,49.387161,1393.520115,2388,0
21:30:46,0.485263,49.16003,1524.734533,2359,0
21:30:47,0.474691,49.943031,1536.630201,2405,0
21:30:48,0.464774,49.443684,1836.938127,2404,0
21:30:49,0.451981,49.710751,1996.748849,2370,0
21:30:50,0.439197,49.465881,1866.266955,2258,0
21:30:51,0.43286,49.633919,1831.546192,2258,0
21:30:52,0.422736,49.666656,1901.158814,2274,0
21:30:53,0.411765,49.597397,1711.29625,2251,0
21:30:54,0.396061,49.523129,1769.346911,2251,0
21:30:55,0.384261,49.825504,1802.259788,2311,0
21:30:56,0.37542,49.873238,1833.847496,2334,0
21:30:57,0.364711,49.810455,1973.547072,2270,0
21:30:58,0.357493,49.565678,1793.669585,2302,0
21:31:00,0.351163,49.816967,1620.936021,2329,0
21:31:01,0.342656,49.805244,1964.951884,2389,0
21:31:02,0.336673,49.394081,1782.771124,2351,0
21:31:03,0.328516,49.860867,1794.060547,2478,0
21:31:04,0.322559,50.441528,2121.044641,2476,0
21:31:05,0.315583,49.487785,1745.702221,2222,0
21:31:06,0.311058,48.384411,1139.505058,2062,0
21:31:07,0.304081,47.32259,1827.255463,2166,0
21:31:08,0.298193,47.662029,1710.050148,2198,0
21:31:09,0.293794,48.559528,1968.773797,2212,0
21:31:10,0.287352,48.666676,1627.91997,2184,0
21:31:11,0.283822,47.838417,1914.467568,2192,0
21:31:12,0.280437,48.843193,1546.125968,2134,0
21:31:13,0.275978,48.874332,1284.428761,2169,0
21:31:14,0.273858,49.033436,1743.002045,2254,0
21:31:15,0.271885,49.742641,1871.445191,2311,0
21:31:16,0.269171,49.44556,1942.015433,2288,0
21:31:17,0.268784,49.16568,2525.664335,2189,0
21:31:18,0.266306,49.685818,4531.031441,1899,0
21:31:19,0.265028,50.25856,5106.079522,1891,0
21:31:20,0.258182,50.1516,7284.753535,1832,4
21:31:21,0.26525,50.1516,7284.753535,1832,9
21:31:22,0.268897,50.1516,7284.753535,1832,10
21:31:23,0.280585,50.1516,7284.753535,1832,13
21:31:24,0.303295,50.1516,7284.753535,1832,18
21:31:25,0.317244,50.1516,7284.753535,1832,21
21:31:26,0.340266,50.1516,7284.753535,1832,25
21:31:27,0.358235,50.1516,7284.753535,1832,28
21:31:28,0.387819,50.1516,7284.753535,1832,32
21:31:29,0.428133,50.1516,7284.753535,1832,37
21:31:30,0.44266,50.1516,7284.753535,1832,40
21:31:31,0.467574,50.1516,7284.753535,1832,45
21:31:32,0.492967,50.1516,7284.753535,1832,50
21:31:33,0.518493,50.1516,7284.753535,1832,55
21:31:34,0.543461,50.1516,7284.753535,1832,60
21:31:35,0.562366,50.1516,7284.753535,1832,64
21:31:36,0.587798,50.1516,7284.753535,1832,70
21:31:37,0.616047,50.1516,7284.753535,1832,77
21:31:38,0.642751,50.1516,7284.753535,1832,84
21:31:39,0.657168,50.1516,7284.753535,1832,88
21:31:40,0.677565,50.1516,7284.753535,1832,94
21:31:41,0.687258,50.1516,7284.753535,1832,97
21:31:42,0.702827,50.1516,7284.753535,1832,102
21:31:43,0.720545,50.1516,7284.753535,1832,108
21:31:44,0.731768,50.1516,7284.753535,1832,112
21:31:45,0.74253,50.1516,7284.753535,1832,116
21:31:46,0.75285,50.1516,7284.753535,1832,120
21:31:47,0.765167,50.1516,7284.753535,1832,125
21:31:48,0.774583,50.1516,7284.753535,1832,129
21:31:49,0.767769,49.267094,3322.312008,1890,0
21:31:50,0.757761,48.24052,1605.147011,2128,0
21:31:52,0.746001,49.030125,2002.11031,2094,0
21:31:53,0.731095,48.958523,1598.389442,2156,0
21:31:54,0.713149,48.811565,1880.297334,2110,0
21:31:55,0.697847,48.55048,1775.141157,2073,0
21:31:56,0.667619,48.217686,1686.714556,2017,0
21:31:57,0.650764,48.284088,1850.546267,2073,0
21:31:58,0.633108,48.284088,1850.546267,2073,4
21:31:59,0.621233,48.469913,2551.637322,2145,0
21:32:00,0.61297,48.795547,2631.524299,2163,0
21:32:01,0.60129,48.703396,2325.793324,2181,0
21:32:02,0.590655,47.835449,1595.661818,2110,0
21:32:03,0.575173,48.72699,1795.96376,2125,0
21:32:04,0.559322,50.174141,2608.95377,2232,0
21:32:05,0.545029,50.417435,2548.659188,2251,0
21:32:06,0.532181,50.511337,3088.193593,2195,0
21:32:07,0.522935,51.220066,2624.636009,2303,0
21:32:08,0.511254,50.202148,3147.893889,2241,0
21:32:09,0.499571,49.476215,1869.826953,2123,0
21:32:10,0.491299,49.267738,1718.713048,2267,0
21:32:11,0.477942,49.309322,1657.76321,2316,0
21:32:12,0.468705,50.040257,2588.738118,2297,0
21:32:13,0.46163,50.409531,2274.902951,2332,0
21:32:14,0.451775,49.849667,1940.312357,2272,0
21:32:15,0.440882,49.728603,1698.483571,2269,0
21:32:16,0.433351,49.602383,1803.701479,2263,0
21:32:17,0.422655,50.850151,2339.356395,2455,0
21:32:18,0.411072,50.97438,2196.397178,2384,0
21:32:19,0.401036,50.544727,2160.423942,2441,0
21:32:20,0.389633,51.016975,1929.001989,2468,0
21:32:21,0.378934,50.693493,2101.602994,2449,0
21:32:22,0.372258,50.469788,1985.984475,2490,0
21:32:23,0.363281,50.583221,2053.828059,2470,0
21:32:24,0.356928,50.158184,2087.479787,2391,0
21:32:25,0.348232,49.78244,1871.809357,2349,0
21:32:26,0.340574,50.574448,2695.522348,2387,0
21:32:27,0.335025,50.413261,2315.134614,2443,0
21:32:28,0.327378,50.10981,1775.7297,2312,0
21:32:29,0.320103,50.676918,1963.14063,2386,0
21:32:30,0.315041,50.266975,2133.80122,2383,0
21:32:31,0.308308,50.378983,2714.233154,2352,0
21:32:32,0.303844,50.818436,2797.46898,2296,0
21:32:33,0.300211,50.801353,3167.289904,2308,0
21:32:34,0.296119,50.983273,2427.762269,2158,0
21:32:35,0.293497,48.903881,2079.098245,1847,0
21:32:36,0.291988,50.212742,1907.656195,2198,0
21:37:22,0.027617,50.579216,2298.936771,2033,0
21:37:23,0.048759,49.590927,2228.466874,1953,0
21:37:24,0.067807,46.878803,1334.467564,2029,0
21:37:25,0.078779,47.675877,1469.593803,2030,0
21:37:26,0.089507,48.159206,1652.460395,2019,0
21:37:27,0.087027,48.159206,1652.460395,2019,4
21:37:28,0.108773,48.159206,1652.460395,2019,9
21:37:29,0.121776,48.159206,1652.460395,2019,11
21:37:30,0.224161,50.421715,2321.900579,1991,0
21:37:31,0.224476,48.658695,1718.810213,1997,0
21:37:32,0.227113,48.749439,1986.916612,2031,0
21:37:33,0.226067,48.787758,1755.280511,2014,0
21:37:34,0.225532,48.7509,1831.914312,2031,0
21:37:35,0.225881,48.507984,1588.503519,2022,0
21:37:36,0.226188,48.341991,1634.830552,2015,0
21:37:37,0.226262,48.41008,1717.416647,1978,0
21:37:38,0.207132,48.064156,2412.463565,1864,0
21:37:39,0.215444,48.700268,1934.046542,2064,0
21:37:40,0.217426,48.639458,2003.423961,2047,0
21:37:41,0.219767,48.423717,1951.029359,2006,0
21:37:42,0.220938,48.30233,1639.492573,1988,0
21:37:43,0.222488,48.485813,1747.500321,2002,0
21:38:25,0.02869,49.268223,1671.121288,2125,0
21:38:26,0.050243,48.387371,1402.278546,2064,0
21:38:27,0.067831,48.420464,1475.349371,2075,0
21:38:28,0.073473,48.643738,1465.224332,2107,0
21:38:29,0.080877,48.724964,1716.527598,2147,0
21:38:31,0.089937,48.710602,1588.392255,2150,0
21:38:32,0.092397,48.612038,1710.264343,2138,0
21:38:33,0.094064,48.69257,1719.216792,2100,0
21:38:34,0.097982,48.270111,1664.990004,2096,0
21:38:35,0.100484,48.263847,1695.138376,2104,0
21:38:36,0.103003,48.394127,1760.588377,2086,0
21:38:37,0.105243,48.716915,1606.549402,2067,0
21:38:38,0.111237,48.144825,1920.053684,2024,0
21:38:39,0.117422,47.904472,1554.259831,2075,0
21:38:40,0.120444,48.382931,1288.693884,2202,0
21:38:41,0.123104,47.831837,1583.856636,1830,0
21:38:42,0.127804,50.859703,3307.674857,1615,0
21:38:43,0.130954,52.892376,2876.361568,2268,0
21:38:44,0.133218,51.223503,2454.012651,2329,0
21:38:45,0.135604,51.572407,2695.466245,2432,0
21:38:46,0.136686,51.678734,2560.831288,2434,0
21:38:47,0.136368,51.495831,2362.20492,2402,0
21:38:48,0.137002,51.858528,2280.572603,2407,0
21:38:49,0.137305,51.71637,2249.752762,2417,0
21:38:50,0.137071,51.494904,2803.863282,2325,0
21:38:51,0.134653,51.47599,2952.946083,2158,0
21:38:52,0.097522,51.290829,2616.13386,2188,0
21:38:53,0.09932,51.929398,2226.488085,2525,0
21:38:54,0.095121,51.589291,2055.040015,2493,0
21:38:55,0.093464,51.732548,2011.960764,2504,0
21:38:56,0.092394,51.459026,2173.408831,2322,0
21:38:57,0.092972,51.577717,2072.902848,2329,0
22:44:52,0.0,0.0,0.0,0,1
22:44:54,0.0,0.0,0.0,0,2
22:44:55,0.0,0.0,0.0,0,3
22:44:56,0.0,0.0,0.0,0,4
22:44:57,0.0,0.0,0.0,0,6
22:44:58,0.302601,48.106506,4530.673971,1248,0
22:44:59,0.282726,48.106506,4530.673971,1248,1
22:45:00,0.270469,48.106506,4530.673971,1248,2
22:45:01,0.255013,48.106506,4530.673971,1248,4
22:45:02,0.259191,48.106506,4530.673971,1248,7
22:45:03,0.301096,48.106506,4530.673971,1248,11
22:45:04,0.212572,45.361855,5135.71829,1100,0
22:45:05,0.210625,45.718689,3467.641701,1505,0
22:45:06,0.220178,44.367584,3632.881118,1531,0
22:45:07,0.22633,43.411526,2217.366306,1622,0
22:45:08,0.228595,43.898815,2389.331168,1629,0
22:45:09,0.232064,43.286274,2739.133629,1545,0
22:45:10,0.236187,42.801121,2661.679779,1510,0
22:45:11,0.240158,42.938896,2533.261565,1525,0
22:45:12,0.241411,42.993786,2644.642988,1493,0
22:45:13,0.242644,41.626907,2393.349521,1452,0
22:45:14,0.241735,41.626907,2393.349521,1452,1
22:45:15,0.15702,38.435287,1455.532101,1207,1
22:45:16,0.391277,41.932461,1490.161903,1304,0
22:45:17,0.39095,42.731968,2159.118148,1409,0
22:45:18,0.391239,44.60096,3472.052538,1445,0
22:45:19,0.29805,40.690784,1693.786624,1474,0
22:45:21,0.310188,44.06081,2331.579772,1442,0
22:45:22,0.313765,42.976566,2782.539731,1397,0
22:45:23,0.314857,42.964413,2748.168155,1429,0
22:45:24,0.312187,43.231045,2623.547895,1428,0
22:45:25,0.308467,43.231045,2623.547895,1428,1
22:45:26,0.270139,48.491261,1799.107051,2174,0
22:45:27,0.266909,50.036896,2673.715777,2083,0
22:45:28,0.265616,47.473984,1489.588733,2066,0
22:45:29,0.264709,47.404701,1283.226866,2045,0
22:45:30,0.263976,47.613605,1582.024785,2031,0
